workerid,prolific_participant_id
1147,<no-id>
1299,<no-id>
1262,<no-id>
1198,<no-id>
1210,<no-id>
1143,<no-id>
1167,<no-id>
1139,<no-id>
1177,<no-id>
1121,<no-id>
1067,<no-id>
1085,<no-id>
1243,<no-id>
1251,<no-id>
1094,<no-id>
1186,<no-id>
1275,<no-id>
1063,<no-id>
1301,<no-id>
1213,<no-id>
1194,<no-id>
1259,<no-id>
1127,<no-id>
1230,<no-id>
1271,<no-id>
1172,<no-id>
1255,<no-id>
1293,<no-id>
1285,<no-id>
1289,<no-id>
1247,<no-id>
1294,<no-id>
1138,<no-id>
1134,<no-id>
1155,<no-id>
1090,<no-id>
1081,<no-id>
1207,<no-id>
1054,<no-id>
1075,<no-id>
1279,<no-id>
1151,<no-id>
1217,<no-id>
1203,<no-id>
1292,<no-id>
1181,<no-id>
1307,<no-id>
1057,<no-id>
1114,<no-id>
1266,<no-id>
1112,<no-id>
1088,<no-id>
1191,<no-id>
1146,<no-id>
1074,<no-id>
1304,<no-id>
1092,<no-id>
1053,<no-id>
1224,<no-id>
1166,<no-id>
1116,<no-id>
1310,<no-id>
1242,<no-id>
1084,<no-id>
1282,<no-id>
1071,<no-id>
1142,<no-id>
1208,<no-id>
1187,<no-id>
1254,<no-id>
1250,<no-id>
1288,<no-id>
1062,<no-id>
1234,<no-id>
1246,<no-id>
1274,<no-id>
1195,<no-id>
1176,<no-id>
1133,<no-id>
1204,<no-id>
1080,<no-id>
1212,<no-id>
1175,<no-id>
1162,<no-id>
1199,<no-id>
1220,<no-id>
1238,<no-id>
1314,<no-id>
1128,<no-id>
1278,<no-id>
1158,<no-id>
1183,<no-id>
1180,<no-id>
1137,<no-id>
1059,<no-id>
1229,<no-id>
1270,<no-id>
1171,<no-id>
1123,<no-id>
1236,<no-id>
1219,<no-id>
1284,<no-id>
1228,<no-id>
1105,<no-id>
1291,<no-id>
1119,<no-id>
1174,<no-id>
1189,<no-id>
1145,<no-id>
1206,<no-id>
1120,<no-id>
1106,<no-id>
1149,<no-id>
1298,<no-id>
1157,<no-id>
1170,<no-id>
1306,<no-id>
1201,<no-id>
1110,<no-id>
1103,<no-id>
1277,<no-id>
1136,<no-id>
1104,<no-id>
1227,<no-id>
1185,<no-id>
1153,<no-id>
1118,<no-id>
1117,<no-id>
1287,<no-id>
1232,<no-id>
1141,<no-id>
1109,<no-id>
1131,<no-id>
1253,<no-id>
1296,<no-id>
1223,<no-id>
1193,<no-id>
1273,<no-id>
1197,<no-id>
1113,<no-id>
1269,<no-id>
1312,<no-id>
1261,<no-id>
1241,<no-id>
1249,<no-id>
1126,<no-id>
1078,<no-id>
1152,<no-id>
1218,<no-id>
1252,<no-id>
1156,<no-id>
1160,<no-id>
1240,<no-id>
1196,<no-id>
1060,<no-id>
1135,<no-id>
1169,<no-id>
1164,<no-id>
1144,<no-id>
1055,<no-id>
1200,<no-id>
1178,<no-id>
1188,<no-id>
1237,<no-id>
1182,<no-id>
1140,<no-id>
1068,<no-id>
1313,<no-id>
1303,<no-id>
1168,<no-id>
1309,<no-id>
1096,<no-id>
1091,<no-id>
1290,<no-id>
1235,<no-id>
1226,<no-id>
1209,<no-id>
1231,<no-id>
1129,<no-id>
1173,<no-id>
1280,<no-id>
1064,<no-id>
1276,<no-id>
1248,<no-id>
1132,<no-id>
1272,<no-id>
1305,<no-id>
1122,<no-id>
1205,<no-id>
1072,<no-id>
1244,<no-id>
1087,<no-id>
1311,<no-id>
1268,<no-id>
